[
  {
    "id": "sample-1",
    "title": "Introduction to Web Development",
    "imageUrl": "",
    "embedUrl": "https://www.youtube.com/embed/dQw4w9WgXcQ",
    "createdAt": 1706387000000
  },
  {
    "id": "sample-2",
    "title": "Creative Coding with CodePen",
    "imageUrl": "",
    "embedUrl": "https://codepen.io/jh3y/embed/preview/LYJQQEX",
    "createdAt": 1706386000000
  },
  {
    "id": "sample-3",
    "title": "Interactive Data Visualization",
    "imageUrl": "",
    "embedUrl": "https://www.youtube.com/embed/nvw4ZWm9Zco",
    "createdAt": 1706385000000
  },
  {
    "id": "sample-4",
    "title": "Music Production Masterclass",
    "imageUrl": "",
    "embedUrl": "https://open.spotify.com/embed/playlist/37i9dQZF1DXcBWIGoYBM5M",
    "createdAt": 1706384000000
  },
  {
    "title": "1V1LOL",
    "imageUrl": "",
    "embedUrl": "https://www.play-games.com/iframe/26498.html",
    "id": "2ec97e85-9ef0-4ace-9932-c773858011c8",
    "createdAt": 1769490616544
  },
  {
    "title": "MX Off-road Master",
    "imageUrl": "",
    "embedUrl": "https://www.crazygames.com/embed/mx-offroad-master",
    "id": "c41bb931-a315-43f7-bd67-fc89efdb707b",
    "createdAt": 1769530829803
  }
]